"food, 2653"
"place, 2606"
"time, 1846"
"menu, 1280"
"order, 1273"
"restaurant, 1154"
"service, 1043"
"way, 940"
"bar, 889"
"sauce, 882"
"cheese, 808"
"meal, 797"
"night, 794"
"table, 777"
"chicken, 758"
"pizza, 743"
"something, 714"
"lunch, 707"
"salad, 706"
"day, 677"
"side, 671"
"dinner, 644"
"thing, 592"
"flavor, 556"
"bit, 547"
"bread, 538"
"burger, 533"
"experience, 526"
"cream, 520"
"server, 510"
"review, 506"
"staff, 504"
"http, 491"
"everything, 481"
"dish, 478"
"area, 477"
"coffee, 469"
"lot, 467"
"home, 465"
"meat, 460"
"friend, 444"
"breakfast, 412"
"hour, 406"
"drink, 397"
"visit, 397"
"ice, 390"
"wine, 387"
"rice, 385"
"sandwich, 382"
"beer, 379"
"chocolate, 372"
"location, 371"
"beef, 367"
"i, 360"
"room, 344"
"bacon, 343"
"plate, 341"
"patio, 340"
"spot, 338"
"dessert, 338"
"taste, 338"
"kind, 338"
"pork, 336"
"wait, 334"
"bite, 331"
"house, 323"
"owner, 322"
"course, 317"
"business, 316"
"anything, 309"
"everyone, 309"
"couple, 295"
"water, 295"
"name, 289"
"fact, 285"
"spicy, 285"
"door, 281"
"steak, 277"
"cake, 275"
"nothing, 273"
"soup, 270"
"today, 270"
"star, 267"
"week, 267"
"waitress, 265"
"quality, 260"
"kitchen, 259"
"family, 259"
"party, 258"
"line, 256"
"fan, 250"
"egg, 245"
"counter, 242"
"corn, 241"
"sushi, 240"
"someone, 239"
"town, 237"
"shrimp, 237"
"glass, 236"
"selection, 236"
"part, 236"
"butter, 234"
"store, 233"
"price, 232"
"potato, 230"
"top, 229"
"fun, 228"
"tea, 227"
"person, 225"
"atmosphere, 223"
"group, 223"
"share, 223"
"roll, 220"
"parking, 220"
"bowl, 220"
"salsa, 218"
"shop, 215"
"%, 214"
"one, 211"
"stuff, 210"
"wife, 209"
"half, 206"
"guy, 204"
"list, 204"
"waiter, 199"
"point, 199"
"tacos, 198"
"morning, 198"
"dining, 198"
"date, 196"
"tomato, 194"
"work, 193"
"crust, 193"
"space, 191"
"style, 191"
"fish, 189"
"choice, 188"
"front, 188"
"end, 188"
"music, 187"
"mouth, 187"
"life, 186"
"evening, 186"
"sausage, 186"
"manager, 186"
"man, 186"
"dog, 182"
"tender, 182"
"customer, 181"
"reason, 181"
"decor, 179"
"husband, 178"
"type, 176"
"size, 173"
"rest, 172"
"cup, 172"
"love, 167"
"piece, 167"
"anyone, 167"
"appetizer, 165"
"amount, 163"
"idea, 163"
"year, 157"
"street, 157"
"girl, 155"
"pie, 155"
"sugar, 153"
"bill, 153"
"deal, 152"
"money, 150"
"hand, 149"
"chef, 148"
"case, 147"
"bottle, 144"
"onion, 143"
"crispy, 141"
"head, 140"
"pasta, 140"
"portion, 139"
"plenty, 138"
"birthday, 138"
"taco, 136"
"seating, 134"
"world, 133"
"variety, 132"
"mind, 132"
"toast, 131"
"sweet, 131"
"Everything, 131"
"establishment, 130"
"problem, 130"
"goodness, 128"
"lettuce, 127"
"bartender, 126"
"fruit, 125"
"crab, 125"
"job, 125"
"right, 124"
"car, 124"
"oil, 124"
"sign, 122"
"inside, 121"
"entree, 119"
"addition, 119"
"brunch, 119"
"salmon, 118"
"bun, 118"
"cocktail, 118"
"try, 116"
"mom, 116"
"hostess, 115"
"texture, 115"
"goat, 115"
"option, 115"
"while, 114"
"tip, 114"
"trip, 114"
"check, 113"
"juicy, 112"
"slice, 112"
"chance, 111"
"syrup, 111"
"wall, 110"
"afternoon, 109"
"corner, 109"
"reservation, 108"
"ambiance, 105"
"sort, 105"
"tortilla, 104"
"dressing, 104"
"number, 104"
"event, 104"
"face, 103"
"juice, 103"
"treat, 103"
"back, 103"
"feel, 103"
"look, 102"
"word, 101"
"pizzas, 101"
"pepper, 101"
"heat, 101"
"chili, 100"
"moment, 99"
"avocado, 99"
"heart, 99"
"salty, 98"
"favorite, 97"
"care, 97"
"mine, 97"
"buffet, 96"
"lady, 96"
"spinach, 96"
"weekend, 96"
"salt, 95"
"mall, 95"
"daughter, 95"
"joint, 95"
"item, 95"
"minute, 94"
"seat, 94"
"attention, 94"
"building, 93"
"seafood, 93"
"burrito, 92"
"milk, 91"
"company, 90"
"middle, 90"
"medium, 90"
"valley, 90"
"donut, 89"
"phone, 89"
"curry, 89"
"card, 88"
"vibe, 87"
"rib, 87"
"eye, 86"
"version, 86"
"game, 85"
"mix, 85"
"strip, 84"
"neighborhood, 84"
"mozzarella, 84"
"tonight, 83"
"honey, 83"
"homemade, 83"
"bunch, 82"
"guacamole, 82"
"brisket, 82"
"future, 81"
"note, 81"
"bag, 81"
"shot, 81"
"kick, 81"
"vanilla, 81"
"opinion, 80"
"baby, 80"
"shopping, 80"
"combo, 80"
"cookie, 80"
"conversation, 80"
"paper, 79"
"window, 79"
"matter, 79"
"perfection, 79"
"school, 79"
"candy, 78"
"cool, 78"
"wood, 77"
"apple, 77"
"tuna, 76"
"son, 76"
"concept, 76"
"market, 75"
"bean, 75"
"chain, 74"
"hummus, 74"
"outside, 74"
"crowd, 73"
"caramel, 73"
"month, 73"
"grocery, 73"
"surprise, 73"
"level, 73"
"mood, 73"
"cheddar, 72"
"mac, 72"
"floor, 71"
"coconut, 71"
"peanut, 71"
"Yelp, 70"
"crisp, 70"
"cupcake, 70"
"ass, 70"
"drive, 70"
"ribs, 70"
"broth, 70"
"veggie, 69"
"website, 69"
"show, 69"
"none, 69"
"yelp, 69"
"cilantro, 68"
"sense, 68"
"], 68"
"combination, 68"
"dip, 68"
"box, 68"
"value, 68"
"center, 68"
"woman, 68"
"art, 68"
"need, 66"
"hell, 66"
"rating, 66"
"soda, 66"
"bland, 66"
"cuisine, 65"
"kid, 65"
"app, 65"
"spring, 64"
"summer, 64"
"office, 64"
"orange, 64"
"weather, 64"
"lobster, 63"
"w/, 63"
"asada, 63"
"light, 63"
"boyfriend, 62"
"garlic, 62"
"downtown, 62"
"yesterday, 62"
"tasty, 62"
"fire, 61"
"gravy, 61"
"bakery, 61"
"gem, 61"
"Food, 60"
"scene, 60"
"produce, 60"
"basil, 60"
"shit, 60"
"airport, 60"
"waffle, 60"
"bathroom, 60"
"turkey, 60"
"book, 60"
"ham, 59"
"spice, 59"
"yogurt, 58"
"country, 58"
"pudding, 58"
"basket, 58"
"dough, 58"
"host, 58"
"cinnamon, 58"
"feeling, 57"
"dozen, 57"
"wrap, 57"
"heaven, 57"
"tax, 57"
"city, 56"
"slaw, 56"
"station, 56"
"interior, 56"
"awhile, 56"
"please, 56"
"opening, 56"
"attitude, 55"
"TV, 55"
"sake, 55"
"filling, 55"
"cash, 55"
"tasting, 54"
"beverage, 54"
"sister, 54"
"booth, 54"
"ginger, 54"
"boy, 54"
"cute, 54"
"picture, 54"
"moist, 54"
"mustard, 54"
"dark, 53"
"section, 53"
"change, 53"
"touch, 53"
"stop, 53"
"yummy, 53"
"gift, 53"
"Today, 53"
"environment, 53"
"view, 53"
"truck, 52"
"calamari, 52"
"air, 52"
"tofu, 52"
"specialty, 52"
"credit, 52"
"signature, 52"
"pastry, 52"
"cut, 52"
"charge, 52"
"smile, 51"
"pancake, 51"
"call, 51"
"mushroom, 51"
"opportunity, 51"
"pleasure, 51"
"pop, 51"
"Everyone, 51"
"chile, 50"
"sea, 50"
"jam, 50"
"pho, 50"
"delight, 50"
"board, 50"
"scoop, 50"
"crunchy, 50"
"hint, 50"
"movie, 49"
"lime, 49"
"cabbage, 49"
"wheat, 49"
"menus, 49"
"banana, 49"
"pesto, 49"
"lamb, 49"
"brother, 49"
"lemon, 49"
"pita, 48"
"club, 48"
"bed, 48"
"bruschetta, 48"
"platter, 48"
"story, 48"
"creme, 48"
"cucumber, 47"
"crunch, 47"
"desert, 47"
"mayo, 47"
"presentation, 47"
"complaint, 47"
"martini, 47"
"smell, 46"
"prosciutto, 46"
"restroom, 46"
"request, 46"
"almond, 46"
"delivery, 46"
"tap, 46"
"mango, 45"
"situation, 45"
"diner, 45"
"product, 45"
"serving, 45"
"start, 45"
"grill, 45"
"asparagus, 45"
"charm, 45"
"vinaigrette, 45"
"ranch, 45"
"bell, 45"
"hash, 44"
"tart, 44"
"mistake, 44"
"photo, 44"
"margarita, 44"
"cause, 44"
"cousin, 44"
"hair, 44"
"ton, 44"
"notch, 44"
"cooking, 43"
"chorizo, 43"
"cheesy, 43"
"difference, 43"
"duck, 43"
"crap, 43"
"occasion, 43"
"fat, 43"
"bottom, 42"
"latte, 42"
"buttery, 42"
"lack, 42"
"chip, 42"
"eat, 42"
"mini, 42"
"question, 42"
"squash, 42"
"road, 42"
"response, 42"
"venue, 42"
"apps, 42"
"child, 41"
"rush, 41"
"sweetness, 41"
"issue, 41"
"blend, 41"
"fork, 41"
"meeting, 41"
"decision, 41"
"oven, 41"
"pineapple, 41"
"hotel, 41"
"average, 40"
"hey, 40"
"register, 40"
"consistency, 40"
"fare, 40"
"management, 40"
"vodka, 40"
"form, 40"
"round, 40"
"dude, 40"
"comfort, 40"
"pot, 40"
"filet, 40"
"walk, 40"
"season, 39"
"system, 39"
"eating, 39"
"disappointment, 39"
"strawberry, 39"
"dollar, 39"
"batter, 39"
"la, 39"
"color, 39"
"sun, 39"
"flight, 39"
"cozy, 39"
"class, 39"
"community, 38"
"perfect, 38"
"omelet, 38"
"return, 38"
"foot, 38"
"espresso, 38"
"frosting, 38"
"chair, 37"
"Needless, 37"
"take, 37"
"hipster, 37"
"doubt, 37"
"process, 37"
"arugula, 37"
"savory, 37"
"thick, 37"
"lemonade, 37"
"cold, 37"
"farm, 37"
"mint, 37"
"run, 37"
"sample, 37"
"chewy, 37"
"protein, 37"
"quesadilla, 37"
"feta, 37"
"thought, 37"
"mother, 37"
"employee, 37"
"alcohol, 37"
"shell, 37"
"yum, 36"
"snack, 36"
"toffee, 36"
"stuffed, 36"
"stand, 36"
"ball, 36"
"muffin, 36"
"handful, 36"
"cost, 36"
"entrance, 36"
"lounge, 36"
"ground, 36"
"pool, 36"
"luck, 36"
"velvet, 36"
"cheesecake, 36"
"breast, 36"
"pricing, 36"
"cafe, 36"
"sure, 36"
"eatery, 36"
"peach, 36"
"ricotta, 36"
"guac, 35"
"go, 35"
"root, 35"
"grease, 35"
"rock, 35"
"brulee, 35"
"ambience, 35"
"Mom, 35"
"favor, 35"
"brick, 35"
"use, 35"
"theme, 34"
"pretzel, 34"
"bike, 34"
"mediocre, 34"
"raspberry, 34"
"talk, 34"
"winner, 34"
"display, 34"
"thank, 34"
"champagne, 34"
"heck, 34"
"sit, 34"
"machine, 33"
"bowls, 33"
"ketchup, 33"
"broccoli, 33"
"baguette, 33"
"miso, 33"
"creamy, 33"
"dim, 33"
"effort, 33"
"coupon, 33"
"girlfriend, 33"
"Nothing, 33"
"dad, 33"
"mention, 33"
"brand, 33"
"cashier, 33"
"rate, 33"
"hubby, 32"
"patty, 32"
"rotation, 32"
"stomach, 32"
"wow, 32"
"seasoning, 32"
"destination, 32"
"carne, 32"
"appetite, 32"
"news, 32"
"setting, 32"
"cook, 32"
"plastic, 32"
"sum, 32"
"Yum, 32"
"Note, 31"
"industry, 31"
"pico, 31"
"self, 31"
"jalapeno, 31"
"total, 31"
"post, 31"
"excuse, 31"
"help, 31"
"maple, 31"
"answer, 31"
"left, 31"
"cherry, 31"
"[, 31"
"college, 31"
"oz, 31"
"reduction, 31"
"member, 31"
"gelato, 31"
"deli, 30"
"hole, 30"
"fix, 30"
"jerk, 30"
"past, 30"
"plan, 30"
"sight, 30"
"blueberry, 30"
"vegan, 30"
"lol, 30"
"history, 30"
"valet, 30"
"hit, 30"
"roast, 30"
"bonus, 30"
"aioli, 30"
"good, 30"
"joke, 30"
"recommendation, 30"
"advantage, 30"
"ravioli, 30"
"pound, 29"
"takeout, 29"
"nachos, 29"
"traffic, 29"
"dirty, 29"
"etc, 29"
"online, 29"
"topping, 29"
"holiday, 29"
"base, 29"
".., 29"
"state, 29"
"sorry, 29"
"warm, 29"
"bone, 29"
"shame, 29"
"skin, 29"
"sashimi, 29"
"Yep, 29"
"detail, 29"
"god, 29"
"wedding, 29"
"lighting, 29"
"hip, 29"
"herb, 28"
"quaint, 28"
"team, 28"
"guest, 28"
"set, 28"
"passion, 28"
"band, 28"
"update, 28"
"trouble, 28"
"pace, 28"
"stew, 28"
"barbecue, 28"
"entertainment, 28"
"page, 28"
"tongue, 28"
"twist, 28"
"suggestion, 28"
"pint, 28"
"living, 28"
"sound, 28"
"ingredient, 28"
"body, 28"
"salami, 28"
"plain, 28"
"meaty, 28"
"Came, 28"
"furniture, 28"
"buds, 28"
"ticket, 28"
"adventure, 28"
"gourmet, 28"
"spoon, 28"
"layout, 27"
"receipt, 27"
"brie, 27"
"garden, 27"
"vinegar, 27"
"popcorn, 27"
"worth, 27"
"brownie, 27"
"drop, 27"
"cart, 27"
"bass, 27"
"ride, 27"
"risotto, 27"
"preparation, 27"
"exception, 27"
"balance, 27"
"tapas, 27"
"outdoor, 27"
"search, 27"
"playing, 27"
"gas, 27"
"stock, 27"
"jack, 27"
"chipotle, 27"
"fault, 27"
"fridge, 27"
"sip, 27"
"example, 26"
"beauty, 26"
"let, 26"
"airy, 26"
"manner, 26"
"gentleman, 26"
"yeah, 26"
"eggplant, 26"
"amazing, 26"
"attempt, 26"
"background, 26"
"marinara, 26"
"companion, 26"
"salsas, 26"
"craft, 26"
"impression, 26"
"okay, 26"
"health, 26"
"buttermilk, 26"
"pm, 26"
"drinking, 26"
"ate, 25"
"recipe, 25"
"ribeye, 25"
"power, 25"
"email, 25"
"smoke, 25"
"cornbread, 25"
"personality, 25"
"tomorrow, 25"
"puree, 25"
"chop, 25"
"rum, 25"
"coke, 25"
"hood, 25"
"sundae, 25"
